{"acc": 0.7369226500224023, "loss": 0.2690643454414938, "_timestamp": 1708261367.0988429, "_runtime": 0.6604697704315186, "_step": 7, "_wandb": {"runtime": 0}}