{"acc": 0.7267402102418389, "loss": 0.2935972040083066, "_timestamp": 1708261076.6050189, "_runtime": 0.7493119239807129, "_step": 7, "_wandb": {"runtime": 0}}